<?xml version="1.0" encoding="UTF-8"?><rss version="2.0"
	xmlns:content="http://purl.org/rss/1.0/modules/content/"
	xmlns:wfw="http://wellformedweb.org/CommentAPI/"
	xmlns:dc="http://purl.org/dc/elements/1.1/"
	xmlns:atom="http://www.w3.org/2005/Atom"
	xmlns:sy="http://purl.org/rss/1.0/modules/syndication/"
	xmlns:slash="http://purl.org/rss/1.0/modules/slash/"
	>

<channel>
	<title>vanthanh &#8211; Van Thanh Blog</title>
	<atom:link href="httphttps://github.com/vanthanh71/wordpress.github.io.git/author/vanthanh/feed/" rel="self" type="application/rss+xml" />
	<link>httphttps://github.com/vanthanh71/wordpress.github.io.git</link>
	<description>Một trang web mới sử dụng WordPress</description>
	<lastBuildDate>Mon, 21 Aug 2023 07:41:22 +0000</lastBuildDate>
	<language>vi</language>
	<sy:updatePeriod>
	hourly	</sy:updatePeriod>
	<sy:updateFrequency>
	1	</sy:updateFrequency>
	<generator>https://wordpress.org/?v=6.3.1</generator>
	<item>
		<title>Chào tất cả mọi người!</title>
		<link>httphttps://github.com/vanthanh71/wordpress.github.io.git/2023/08/21/chao-moi-nguoi/</link>
					<comments>httphttps://github.com/vanthanh71/wordpress.github.io.git/2023/08/21/chao-moi-nguoi/#comments</comments>
		
		<dc:creator><![CDATA[vanthanh]]></dc:creator>
		<pubDate>Mon, 21 Aug 2023 07:41:22 +0000</pubDate>
				<category><![CDATA[Chưa phân loại]]></category>
		<guid isPermaLink="false">httphttps://github.com/vanthanh71/wordpress.github.io.git/?p=1</guid>

					<description><![CDATA[Cảm ơn vì đã sử dụng WordPress. Đây là bài viết đầu tiên của bạn. Sửa hoặc xóa nó, và bắt đầu bài viết của bạn nhé!]]></description>
										<content:encoded><![CDATA[
<p>Cảm ơn vì đã sử dụng WordPress. Đây là bài viết đầu tiên của bạn. Sửa hoặc xóa nó, và bắt đầu bài viết của bạn nhé!</p>
]]></content:encoded>
					
					<wfw:commentRss>httphttps://github.com/vanthanh71/wordpress.github.io.git/2023/08/21/chao-moi-nguoi/feed/</wfw:commentRss>
			<slash:comments>1</slash:comments>
		
		
			</item>
	</channel>
</rss>
